date,"Agriculture, forestry and fishing",Mining,Manufacturing,"Electricity, gas, water and waste services",Construction,Wholesale trade,Retail trade,Accommodation and food services,"Transport, postal and warehousing",Information media and telecommunications,Financial and insurance services,"Rental, hiring and real estate services","Professional, scientific and technical services",Administrative and support services,Public administration and safety,Education and training,Health care and social assistance,Arts and recreation services,Other services,Ownership of dwellings,Total,Total less mining,Total less mi and ag
2002-09-01,71.58488063660478,78.4071729957806,41.447586566245086,66.77340365417216,50.57159793377932,37.034331628926225,25.75691570463951,25.936482084690553,43.88942256377415,64.54036333834175,57.49913164293158,56.294058408862035,14.637469586374696,11.01017441860465,19.18717168924523,12.568063118124236,17.55958055290753,40.65817409766454,33.66361788617886,91.44526737786234,44.303031312643334,42.40799029348151,41.338599422755586
2002-12-01,73.34439834024896,75.80663948747815,41.890888847652626,66.13991135093467,49.4608195542775,36.325722031070796,31.954365079365076,28.451715881883477,42.324513448502074,65.7703081232493,58.02031163049527,59.210526315789465,13.957768306857806,10.016213294901819,18.938501947287385,12.072390200838667,17.087948499479314,40.61381074168798,34.1796875,91.38058448102116,44.493389659852035,42.94983319839916,41.860658760274546
2003-03-01,72.3524379811805,76.79508654383027,41.29689671144048,64.58089668615983,49.6637770396176,38.72936468234117,27.434377646062657,27.056410256410256,45.117775241257654,64.99931665983326,57.566208514917875,57.9027645376549,15.696155281821575,10.456709575030859,18.572946175637394,12.174008327854482,16.924778761061948,39.8974358974359,34.39077144917087,91.37221041445271,44.164459113214924,42.49718990534117,41.4671577655003
2003-06-01,68.96551724137932,76.31048387096774,42.38587893638261,70.00821692686935,46.76067687348912,43.36080586080586,33.20966514459665,29.425695677915925,40.15834616230482,66.19337390128464,57.59860008076457,53.858553294378396,14.33983183960085,8.865800865800866,18.15748575375583,11.939655172413794,16.675603217158177,45.16896715849595,33.26200665715645,91.27393947316818,43.808958162779376,42.1784303478813,41.350426063130335
2003-09-01,73.31651159123167,73.38269207428087,44.50913292742545,68.95718232044199,48.52466401381485,42.22598232750517,32.35577850665637,31.54094622838685,42.60225375626043,66.11837670217069,58.03694694628887,52.64694433631764,14.53929176701454,9.585914574502771,17.74399048670687,12.291220556745182,17.297344976625208,42.4717999019127,34.56221198156682,91.48122170503092,44.43869767830648,43.136816015460795,42.05460550126674
2003-12-01,73.64947820748927,73.2921511627907,45.06371476380486,69.02965432532024,50.0430354325061,42.11266285500047,30.244517756646616,31.932005117894352,43.40467894474863,66.35981062598633,57.57342567654226,49.140546006066735,15.068613652357495,9.429400386847195,17.377185678601165,12.369282771733388,17.55626455117703,43.45291479820628,35.63402889245586,91.45482003523786,44.83011339345697,43.581720041651614,42.50352205688122
2004-03-01,74.16013023531153,73.31838565022422,45.664666070744474,68.45258473125642,50.75954564116601,43.3624295326423,30.222391180383955,30.65680259833995,41.49769122666132,66.60317460317461,58.67324069923801,47.61324395693683,15.810742549250717,8.72991347342398,17.267956707117087,12.096857290056672,17.51179245283019,43.38342220067862,36.027663712988975,91.3002922703812,44.581094167883464,43.3748987007555,42.24749062371279
2004-06-01,73.83763299810524,76.35046113306983,46.17954070981211,66.70800850460667,51.7348695537015,39.05691371146971,31.341642228739,29.403533321672203,46.19624141669678,66.21340193556291,59.100806968105545,50.11367942402425,14.167510976021614,9.155784998481629,17.412205654689156,12.175954276382935,17.678207739307535,45.102307357422724,36.94240837696335,91.26616247865333,44.71871383903292,43.23347613376844,42.111310630838624
2004-09-01,71.89353612167301,78.41783389228645,43.25023721211076,67.11920529801324,51.092544987146525,38.95359759534097,31.197995884405476,28.30869714678584,42.862470862470865,65.78753680078509,59.106614017769,49.92478375329071,13.386880856760374,10.25303495685242,17.614782538529816,12.17671329375063,17.418250020386527,46.4041095890411,36.041666666666664,91.12068449709807,44.44326067691056,42.68915608655575,41.67738060110441
2004-12-01,72.26763548289435,78.79818594104309,42.860802732707086,66.27831715210355,49.92503748125937,41.07095284610603,29.719202898550723,28.184658104824713,43.49077822762033,65.93105093641894,59.32468156693103,51.04303702311596,15.407254215717467,11.04932991160536,17.448553181423954,11.966470758261876,17.11675615033256,42.9097605893186,33.11674701320478,91.17285756069026,44.67025953765423,42.87271207189992,41.873520633940515
2005-03-01,73.42348963692488,78.77710629221471,44.492026591622825,66.49567168964413,50.29136052698252,41.28367670364501,30.359964881474976,29.560608651051464,43.47750715090578,63.83324987481222,58.460817068167174,47.355559434456275,18.728403593642017,11.381645296066848,17.589551071484436,12.167698904240114,17.120622568093385,43.431287813310284,32.55863088949926,91.24828060522697,44.92674433680935,43.06608566515554,42.02252641472251
2005-06-01,73.82916053019146,81.26419102028858,40.53389684319475,66.04621309370988,49.552607219993824,40.78587196467991,23.551004636785162,32.00732356857524,43.54323227088192,64.28400954653938,58.44864213125107,48.96399456521739,20.662565774846218,11.681391109241341,17.762443789734842,12.268215021539614,17.172115005907838,41.60550458715596,30.992631122670133,91.3316865034808,44.72003196223313,42.27550660447615,41.18967736703934
2005-09-01,75.2249036127374,81.15860120098904,43.10436525794706,63.85462917283341,48.8929889298893,42.13483146067416,30.425788657128084,33.96809895833333,41.14295731440091,64.1273450824332,58.718722073279714,48.50108859487523,19.472307021369385,11.680555555555555,17.503565263078887,12.06504951394567,16.54860587792012,44.871794871794876,30.433862433862437,91.19127980966081,45.13946914611815,42.72129234826244,41.60460758052963
2005-12-01,74.6134382906944,81.21593563457047,42.80224048407539,64.67295698064929,48.31481034066199,40.331539663252904,29.634408602150536,34.08078880407125,40.91655858192823,63.795083850218234,59.81627152208593,46.17621899059024,18.472622478386167,12.220566318926975,17.566664190745005,12.11710490647872,16.88726948245092,45.41559554413025,32.541133455210236,91.31141324955311,45.42456143412459,42.84451429132698,41.75105352537896
2006-03-01,73.03387779794313,81.05402797877473,41.970577327234516,65.36577900214265,49.83502170767004,38.951866062085806,28.904831878295447,34.34704830053667,42.09833908896563,62.962050271069494,60.0248393541768,47.465049688394814,13.746630727762804,12.72967614011897,17.396953728434276,12.330932724398384,16.70945656824989,44.601542416452446,32.0280296784831,91.4500502938218,45.18385102779474,42.430455912983106,41.46429969728512
2006-06-01,72.9802513464991,83.35419926969223,39.88471156699021,66.58875091307523,49.70793723513916,37.98853569567483,26.990529638723253,34.0462889066241,42.096149088810094,61.44832126398947,59.4733593910718,47.87321399244539,14.34166488642028,13.231197771587745,17.49568717653824,12.557895656733375,16.1807684082971,36.778398510242084,30.78342904019688,91.52171648786585,44.92120954003408,41.50442888280851,40.49754482019278
2006-09-01,69.9512987012987,82.76164893067465,41.187551187551186,67.90088293933351,48.152264517921644,39.535649596575006,31.763727121464225,32.577189666036546,45.30149984695439,61.036468330134355,58.294660615023716,47.54517831440908,20.024271844660195,14.27859456765512,17.39800925276882,13.341214219370093,15.813211212878157,35.69444444444444,33.60920468308438,91.22542364358627,45.5865105061451,42.35634196044635,41.57164883255011
2006-12-01,70.8312593330015,82.01264488935722,41.223703227878595,67.1717907620574,48.03527631372958,34.12871200905687,34.60528348524641,31.99691595990748,47.23665223665224,61.41536763691544,56.729494222390606,47.65886287625418,18.1243830207305,15.161253299667163,17.36212026849353,13.483989326217477,15.107284590031615,36.4816472694718,28.728936966923236,91.28018492106428,45.136807424966854,42.092557957461615,41.318903177105895
2007-03-01,70.44771132642833,81.29425863383811,41.18767862813591,64.17699670484858,46.05942822073339,37.51682635204688,33.29779943653392,32.230301231636744,46.52017291066282,64.89519569653126,58.94150952449498,47.65957446808511,18.669963230632685,15.5587141919965,17.78105884834423,13.79165264220801,14.545090447900675,38.39862247094275,26.436559969147705,91.3946587537092,45.29249633939128,42.50455573178551,41.780697426842885
2007-06-01,69.54924874791318,80.98875012901227,38.95925776522792,64.58107480253989,46.11254722608869,35.020306154326775,30.65827834893356,30.331475506013494,45.37255744041228,63.9591916813812,58.05649316041925,46.537795729948066,25.993816254416963,13.866430390962453,17.66101458376945,13.693948991498583,14.000912111538211,44.047619047619044,30.89142216408148,91.22018174933737,44.60299797080579,41.669197897899146,40.95655476421113
2007-09-01,69.925300422215,79.87143007693118,39.93005069359846,63.83544501798843,44.0253164556962,35.05346350534635,33.746063555682795,30.60069645966338,45.70315218147659,63.73513735137352,58.66974763264011,45.26346098473942,23.851648351648354,12.179770318021202,17.611835153222966,13.229571984435799,14.267113095238097,40.91840918409184,28.675205505639457,91.72949405032247,44.56642389040096,41.82145929779999,41.09409411092245
2007-12-01,69.89844493811488,79.76799367255471,40.78729228515248,63.29055203340034,43.975197734596236,35.30275229357798,31.132213294375454,29.160636758321274,44.785361441591874,63.197379543533394,58.621920742591925,50.48192771084338,23.357744617587137,12.561418500320446,17.519217330538087,13.538687801290955,14.75708133681082,38.25726141078838,29.728199320498298,91.79352891571612,44.7863649414037,42.12441719563769,41.403895868666744
2008-03-01,75.6848454385524,79.72696925913009,40.94353002649946,67.71392081736909,44.45657851004226,35.34000588754784,31.137724550898206,33.91327623126338,46.06476806032451,62.239915074309984,59.250754198748254,52.072263549415524,14.80175139868645,14.418465227817745,17.24954339443956,13.522602846863757,15.245748893547637,45.68678267308404,27.237876174046388,91.84690737289237,45.14576312992633,42.43044253880821,41.36187807379532
2008-06-01,74.20212765957447,82.7693164194536,43.1078134889936,64.33112582781457,44.97476312760117,34.43413458025864,30.9612283530814,32.027233569542865,44.59014188689395,61.5000542711386,60.22171220716235,48.316542948038176,16.013202071359473,16.084531846199003,17.197827367318894,13.812112973871017,16.012443438914026,40.64362336114422,30.067567567567565,91.79337725967224,45.53518669384587,41.945747845554635,40.98825275523416
2008-09-01,73.40381137849492,84.76215198909728,41.02042326476247,64.65159823458606,46.006006006006004,36.11946712505372,27.75862068965517,33.71313672922252,44.70225321888412,62.76893287435457,62.43642124572667,48.030979259648205,22.121102435493047,18.20054945054945,17.81524456695942,14.668357830336493,15.490806223479492,42.47990815154994,25.648827635582606,91.99135099172523,46.98603835304715,42.58443576530014,41.72334455231596
2008-12-01,74.046624444145,84.09376712991326,38.560814950980394,62.06266685401152,47.16883341251673,24.059322033898304,32.21318637005175,32.41085683874401,44.516304717816055,63.584924724664035,63.958470665787736,48.58946283653227,23.310116751014682,15.773107441561226,18.11672264115075,14.861734472274504,16.038679559853282,43.174726989079566,26.861417883861776,92.05394274639642,46.90630444711335,42.547208321364316,41.63818145758717
2009-03-01,73.96660279222557,82.916680877187,39.59922178988327,63.74081496325985,46.400139209118194,35.75435064001151,29.80328562363393,32.08043106847155,44.96108152396559,63.28132863613488,64.39414958975782,44.5040972025996,25.921232209007606,15.14152552006366,18.09161258112831,14.243748656588092,15.012636899747262,42.628571428571426,39.073453215483084,92.22035159155867,47.37364126323434,43.486531446517425,42.63266871165644
2009-06-01,74.27012278308321,78.52872137827185,42.40632649218603,63.91242017463834,46.59960638530505,40.472813238770684,35.02139800285307,33.66886049812879,45.94255529877847,64.66472303206997,65.13989803701176,50.932587263522514,16.724431974473237,19.336472134019488,17.895578377713548,14.85329215218307,16.432801579256257,43.07458143074581,25.109970674486803,92.4555023923445,46.59720016529885,43.92911066374563,43.08314377657915
2009-09-01,75.6937927336104,77.35632733005303,37.884220279579424,62.00797872340426,46.56068613012215,36.45615301335258,31.74798414650813,33.24225865209472,44.9375866851595,65.48334764767631,63.93449219378722,52.59880543906469,26.16707616707617,19.390610425950875,17.291553462536978,14.383234350467609,15.93340007376574,40.743579915676506,29.42489270386266,91.9112575676297,45.88988721085834,43.46827057054517,42.55964981250756
2009-12-01,75.48149159950826,75.27076696888018,41.08996873673241,63.73393235991514,46.55900932937288,40.71958505679207,31.80870384072106,36.17755856966708,45.05817753954766,65.3196681307955,63.632326820603915,50.16354834489075,28.56931498742418,18.547341115434502,17.024695031240704,14.13672453236442,16.269962363950768,43.87535816618911,33.30746546639764,92.12134764460346,46.490053876224536,44.392007516621234,43.55703762399483
2010-03-01,74.94378864530636,77.21385144065557,41.419443176631674,63.789599521817095,47.00162733930024,34.54391891891892,31.964712125232158,34.11111111111111,43.66846238722658,66.36303878298432,64.28879057202145,51.75699084385054,31.40632690500694,16.271783826121013,17.090302994225848,14.342975482664173,16.730056804149175,42.27553616866594,31.01000322684737,92.16382050713388,46.47386434451234,44.015306607845694,43.21985810476249
2010-06-01,75.4304913901722,82.556283191607207,40.666259635198045,64.11214953271028,50.406624279166046,28.46895487851909,31.424836601307188,36.92379507527133,43.327049340180714,66.38616608100611,63.27619047619047,50.47357926221336,26.204448651206814,16.947115384615387,16.538417365338233,13.04825269685421,16.24165586130721,42.44124868467205,25.89347079037801,92.20992060601645,47.133030043295754,43.35543093803637,42.53912944336964
2010-09-01,75.89978379753275,82.78701355624433,39.53215459239556,66.28460207612457,47.03876800490347,33.00234450420631,33.14971838831467,35.11807341594576,44.13325660208453,63.66808109382367,62.370364700929926,50.11609434192839,22.49199445586197,19.778847868735507,16.48757746318722,12.76973851231277,15.674492267561021,38.68027706890266,26.8815445026178,92.16611439273879,46.68711106439677,42.73199377096639,41.812637701595136
2010-12-01,76.25,82.65082650826508,38.6624625326015,66.83498066179631,45.706434623311196,36.504640145369585,30.386811213034832,35.07212925562608,45.295026258881684,65.7004371792435,61.99186991869918,51.48855414541573,22.626355873528734,23.7595499958022,16.249722036913496,12.32095244000744,14.791334093500568,37.56926486885852,29.45638432364096,92.16233626798368,46.82038247397725,42.80103787014508,41.87558577470975
2011-03-01,77.3729513029124,80.12083993660856,37.20163316582914,61.33505320864238,46.034411973276605,32.5811289882738,29.696582561481954,34.65765972063201,44.60934625291304,63.251924356172196,62.55752179280931,50.344577439245555,29.598798018354582,17.152160520989177,16.105154302509117,12.039297046619478,14.16790590780046,41.25874125874126,30.18440145102781,92.0697551523692,45.9133227482679,42.485508972526596,41.478342268743084
2011-06-01,77.1475835991965,81.60554267227805,38.288220172387724,60.419755902817386,45.768649286478116,34.9112426035503,30.71808510638298,33.75924680564896,48.34104723136118,64.46613088404133,63.12836790433306,52.41852487135507,26.667500938555875,16.958207669108145,16.13959731543624,12.313545503955552,14.235850307073742,41.90857524190857,29.32677986297289,92.11962152082326,46.61284763801836,42.63741124659704,41.66059065520586
2011-09-01,77.23970944309927,80.84981562185719,35.989431765967225,66.40708653752554,47.73360867320599,36.318470536444245,32.68101761252446,35.03538377789875,46.174785912777175,63.149457802923145,62.97288491474497,54.91254588641762,25.983860955927994,12.154942119323241,16.091528827352956,13.010113027959546,15.147523709167546,44.10895963242534,35.701646930720024,92.12934921596339,47.02603290467908,43.18131299338867,42.2167508596171
2011-12-01,76.75763182238667,79.17967519262166,37.44418375841973,65.61755361397935,46.95208970438328,32.76441515650742,32.90712542136464,35.28070365946357,44.836925854869655,61.62901990811639,63.11448366875618,56.50986980260395,26.91598524931858,17.660438667749798,16.181789589558107,13.34964492450916,15.332656394861155,44.28387925497752,30.024213075060537,92.04571654425084,46.72288417981279,43.152840656692156,42.2116135133647
2012-03-01,75.59358804387128,75.79117504444804,35.8129243915465,64.68521507928972,45.31797359202371,35.89019222501996,33.11345646437995,37.85322648671446,44.503171247357294,62.73641479841314,62.342123152885605,57.09197569662686,21.37181095775826,18.79544736010117,16.001024065540197,12.74941995359629,16.003270364473515,42.675159235668794,23.23512252042007,92.01491327605771,45.46410571848089,42.54919201742421,41.674799237133
2012-06-01,76.61737523105361,75.51190438042747,35.19345532150338,65.3644592663173,45.38773866648771,33.2467696985052,32.904240447343895,36.24637213801999,44.30050438014335,60.023888276368986,64.31268203228939,56.832781779248585,27.927927927927925,8.808510638297873,15.905313523042055,12.5,15.887968375457337,40.6578501186843,28.00561797752809,91.94693392438406,45.44024139318999,42.54437395082453,41.60928067772536
2012-09-01,76.82492240487412,72.50280583613917,36.53036919412465,57.510950785879935,45.40190401413289,36.10065996422624,31.60162937599622,35.798109876415,45.6850082724022,62.223879205890576,65.286758504357607,56.14778325123153,27.43307578240849,17.150210575573233,16.136559630700553,11.7918010133579,16.313186352586133,41.92037470725995,27.08395134974785,91.93807231190408,45.43242682632851,43.00093783125758,42.077564239358296
2012-12-01,76.7444533854466,71.52792715279271,34.88428255182129,58.53844201979194,45.188885623796,33.57299155986246,32.976725658680934,37.18026796589525,45.738333688472196,61.37004322495771,65.02056202878684,54.800077264825184,27.914700886959803,12.132572207548778,16.05681875219595,11.320437342304457,16.844123526292172,43.697205977907736,27.45270567531896,91.9844840961986,45.164510361664206,42.94783104093758,42.037765051849554
2013-03-01,76.96983340837461,72.50731640917444,35.43338364979741,59.00594366439831,45.49507649870097,35.3680210823068,32.12405584802014,34.64916922425654,46.0734642178594,61.92827200745226,63.96772208165219,55.533503449579435,26.769537847382157,13.179880647911338,16.220409388919474,11.334305914038827,16.281135198417505,42.665323934206114,30.677618069815193,92.02349432423385,45.37027593943721,42.97848601275903,42.04796519241851
2013-06-01,77.2837332159366,74.88130373412037,35.086373910235714,57.6356418173798,46.25584781733122,35.21440616718863,33.121054380330044,34.90073145245559,46.30655103959879,61.22879413113252,64.06383196371944,54.33397683397684,27.085939573145307,7.914438502673797,16.309842402616713,11.2722660343021,16.88109317564328,43.784131063283006,27.570289550986153,92.00538358008076,45.56130188376077,42.84132742493728,41.88411692915674
2013-09-01,77.03801362337947,75.28055900057473,37.14777035213194,60.63297688858227,46.324993776450086,28.388142345870754,31.471994535519126,35.070744902205575,44.72490527776296,61.42684401451027,64.99507355689192,55.71185800604229,23.937937233751512,13.252419222568475,16.48076261608766,11.548085291557877,16.326449720559673,44.70018170805572,27.054564955087812,91.76539935160625,45.499648907818646,42.56767622621281,41.60728278969537
2013-12-01,76.56439019025623,76.35854341736695,35.204204445157664,59.29987717143359,46.478830057945245,38.70873842929499,32.37235543018336,29.265693275071943,44.70795139629077,61.07500928332714,63.92622486075443,56.45776566757493,25.714068960285246,11.002464424835043,16.50240326261106,11.63640270763941,16.09676668992789,41.42538975501114,25.924907165451792,91.70299289078729,45.73469871243721,42.69566591369281,41.769899267426794
2014-03-01,74.9131341209173,76.09092225278702,33.54787808321568,59.108493054334446,45.6973836677441,34.5940902021773,32.465909090909086,31.217038539553755,45.00366607311197,61.53427638737759,64.17670419114509,55.76722338204593,24.57332612556954,11.383564832777218,16.71648987463838,11.93479422768573,15.634218289085547,45.40229885057471,31.67599186164802,91.5945071284877,45.53994588096991,42.4652703911689,41.62777975409321
2014-06-01,75.6588457689314,74.04748585990428,37.08037221720523,57.21658502449265,45.74154121329557,38.18322703701496,31.131263272685533,32.08550976978139,46.240231848056716,61.885390873717725,64.18779649926385,55.989405331510596,25.162987532883452,10.647785948990768,16.80249280920422,11.86877994839661,15.218047381922439,36.92409678488565,21.49236531259003,91.58875799588989,45.115054911370194,42.42628158844765,41.54013111662619
2014-09-01,76.38336735790266,72.5745030220452,36.177339901477836,64.80503843660276,45.61477382098171,35.43736964789596,31.283254190743175,31.289432176656153,47.04767757464024,60.00370336079992,64.35789204400102,55.007165890361875,24.116702355460383,13.859766525392223,17.050691244239633,11.83782649742998,14.998893070622094,42.54345837145471,27.385837193911318,91.50752190916617,44.893745366224394,42.6149731082286,41.68619581952994
2014-12-01,75.93622940295313,71.17793568236759,35.0334714695569,65.34467323187108,45.54844165257308,34.276144398957946,32.29078134738512,29.946952257031327,48.237283078912036,59.91739329967876,64.965500093243,56.43295354951796,24.251463092316406,14.514020049397065,17.12951936359739,11.888837040493597,15.04382933837704,43.55400696864111,28.968515347121592,91.53975835908963,45.017746742919734,42.99149469766175,42.09418896077403
2015-03-01,76.82450695765341,70.25220297781829,35.60720234790196,64.67784642541923,47.514039575431475,35.175635503245765,34.05735073828376,31.20478441207678,44.204606320299945,59.3368868009757,65.41258005631015,58.657066309444076,24.80342835848705,9.658739962940087,17.24871225367421,11.830311672438379,15.372972972972972,43.38719329742669,23.485383420420845,91.61747669222706,44.93639677918536,43.058584219393595,42.08080521114471
2015-06-01,76.22660098522167,68.37863844118355,34.409471089741004,64.8406636818541,46.65330781193923,31.861417322834644,29.877979889278052,31.315141178700017,47.8875320070908,62.32287449392713,65.06995133819952,56.19465431797871,25.298154196176288,10.95512082853855,17.115322244358985,11.685552407932011,14.693965362687797,42.874251497005986,29.512820512820515,91.62687215107445,44.55192977509021,42.89217329132873,41.919656458928564
2015-09-01,76.76917011630199,69.11204650230506,35.191721482432214,63.64619962131458,46.64617771677508,31.857133921311064,32.937365010799134,30.588015331401326,48.08268277114941,57.40842996502853,65.33684146117605,58.54317261100961,25.484673348452702,8.546943147907262,16.884399551066217,11.624894115302208,15.106367990983374,42.561983471074385,24.90530303030303,91.53941284009034,44.45869297163995,42.751748639946705,41.76600958490178
2015-12-01,75.23498161013485,68.71853640568084,35.64328657314629,63.431381646098174,44.987216946676405,33.83454106280193,31.431027997205653,30.165444632449706,46.87421792882527,60.025466893039045,65.60101913919137,54.563508481588755,21.846658029113637,9.738361196491491,16.773198148556315,11.247433521959037,13.987297106563162,41.585903083700444,23.438348723519827,91.43820044400461,43.97269734450779,42.29661437470026,41.37794456649655
2016-03-01,75.09570824098327,67.82837127845885,33.51144104091039,64.7240939719541,44.61991113246067,35.942417531180794,31.15176224451478,31.7011701170117,46.52093442048922,58.25553480928247,65.15069644572526,53.96257796257796,18.018681446455563,11.621823617339313,16.650049850448653,11.01356350184957,13.961118285574676,41.1492925209356,29.38424579592869,91.3684546106639,43.38561036439937,41.84545863346567,40.90931008954682
2016-06-01,76.24903175832688,70.15630224005349,33.22611241700689,65.79807437505521,45.04927696417058,33.74301675977654,29.273965775045692,29.0991330569167,46.32984267209291,58.96031603519483,64.85791205504037,59.049537451507014,25.248246649538224,14.646898725111015,16.698251356706002,11.28662668811857,14.767069094877566,43.469730941704036,21.60365600332364,91.2584003162472,43.927351785952354,42.213123709425425,41.225111583302414
2016-09-01,77.36621850235954,73.3626773924262,33.729274931947536,65.85601404741,44.29730626527103,34.42493365704929,30.25448700776855,32.726141816243114,48.31735378715244,56.82234432234432,64.76361707144541,57.82543265613243,19.059044048734773,9.333333333333334,16.696033349091067,10.911027204956918,14.971950686956228,41.414717626925274,25.337569499602857,91.19784796047696,44.17828015236152,42.0984886792912,40.99387023186029
2016-12-01,79.45494362884257,79.91210079109288,35.09757181528019,66.52064026958719,46.334728778836734,34.046138648381664,30.628565335608037,29.819221545840254,47.66053720997401,59.113125388785214,65.89872668048564,57.89553368660106,26.002831524303915,12.585351829224468,16.962661353201074,10.986568750603922,14.443961045480405,38.3513592516808,29.387557492132654,91.06155218554862,46.21084564870429,43.15389419690909,41.92412951727776
2017-03-01,79.68548387096774,81.95121951219512,35.57607739665787,67.81942078364565,46.024324564258876,32.457348099371444,31.114861301550466,24.753908511870296,47.45641951265853,57.695777697582095,66.16838286917857,59.743699885452465,27.889095233440848,13.515353714168993,17.045503189075813,11.11588802904366,15.020509147730973,40.47151277013752,20.693844492440604,90.92031962894809,46.74491075159692,43.280700834076484,42.056877948273055
2017-06-01,79.14703694520209,80.3030303030303,35.75370885035425,69.15494077430638,44.78155339805826,33.904806183529956,32.03908727064817,28.75079035317496,46.31305352329611,57.0217276099629,65.75823922562802,55.899162295467,26.875020075161405,12.376438727149628,17.31358529111338,10.912462555275546,14.422393173443663,39.65080259081949,28.164867517173697,90.89822446895933,45.918828289877794,42.76249350893354,41.576309549471866
2017-09-01,78.42259342173239,79.99484919590225,35.03600802801936,68.6290193569029,43.882445277753554,36.01801185590515,31.29998431864513,25.855864169050474,46.66194188518781,58.08930248441902,64.82271925331511,54.515392488780414,26.592979929235682,11.683941311078208,17.11362182903432,10.824426762088612,13.911309772646879,39.73399833748961,23.743829894950004,91.00768299612145,45.6144299706681,42.51084934903906,41.40013741458192
2017-12-01,77.18620937331657,80.11049723756905,35.487643252514225,68.74899242302112,44.640993087882634,35.97481422655851,30.252984799873772,29.525560224089638,46.78049688285103,55.33747779751332,64.16084908337591,56.270614967382535,23.929065688262366,10.721363456202933,17.2027208599261,10.844534152942796,14.207838591434568,39.30635838150289,20.362529769780366,90.96775764660043,45.31316734329899,42.10032529203227,41.06915268370042
2018-03-01,76.53958944281524,81.07602825093477,35.5443291812888,67.11672815762618,45.94840416735571,32.5451444032704,29.994826694257632,30.237101500754815,46.22429906542056,56.14350543710934,63.93923165816398,57.38030970308282,24.05014089981537,11.760290253972226,17.32962793977353,10.85566589579649,13.880715949491234,41.308266804017514,24.31801425411649,90.98678540649239,45.761547562978876,42.33364334989275,41.36626226865471
2018-06-01,78.2320807813276,81.77521528258933,35.2160482056367,67.39804620871453,45.67098374207771,34.01878794821858,30.534861018342497,27.760504574931154,46.623113728376886,54.331400456861715,63.706097218319755,56.89642933200824,22.163195231770917,12.693909579284119,17.44352888123642,10.966869506423258,14.091968637423182,40.07761966364812,30.542705630147804,90.89035253980288,45.70137803148747,42.05351870201884,40.925651651124745
2018-09-01,77.45503597122301,82.7642608873441,34.72913837332126,68.00361881785284,45.66713271376484,31.926830693705803,28.667983778725176,28.179937952430194,44.852700873056634,50.914269962326564,63.64269206137053,57.64985329048484,22.052744576537314,11.412381184499147,17.473497521060903,11.074541896459705,14.609242824493188,39.984591679506934,27.370467802813682,90.99315788244635,45.75028067038205,41.69960769104551,40.683023364031975
2018-12-01,75.32079112397491,83.7838406803924,34.22657619882595,68.05394990366088,45.76475751590959,33.08377290000567,30.09177102874816,29.236934379696113,45.889914901321745,49.38715325776426,63.54103760636838,57.40940078937926,24.030122527082497,11.508675031518282,17.42736942371805,11.176263116127325,14.666126371240845,39.728830903044255,25.367945300730092,90.90277134118084,45.95570693951122,41.52118654524814,40.63391963935215
2019-03-01,74.5495941397743,83.54032714097221,35.978036556603776,66.85215240745035,44.67009283819628,34.703548600396736,30.612956231638698,28.113513975553467,47.68277893277894,52.46984238795457,63.6208484585794,55.94141956064671,24.79185119574845,11.633475442387432,17.42926182866942,11.053220806062694,14.67871657146105,38.467413441955195,24.523892978151654,90.8836033551649,46.163258323064625,41.852651613962884,41.03488400881384
2019-06-01,74.21157684630738,84.50254232335236,35.107849346198265,64.80586309059723,44.58609505006346,34.87118034751348,29.704869650762422,28.66605945185062,47.29589183567342,51.87630298818624,63.553833229451776,56.84225594045233,25.06983039133815,12.112293411817976,17.32875405456974,11.310547284546027,14.613353866461335,39.144491420044766,22.7267338470658,90.84441201286116,45.888790805701014,41.11720707859786,40.29918124788775
2019-09-01,74.41536471290677,84.3916663469286,34.316544076466414,64.22802850356295,45.367701556452275,35.01228501228501,29.974823517796317,28.065190137902214,46.527112890591,54.598654904358455,63.438158534608526,56.036611942466955,25.009095743192184,11.975336576535806,17.763558805606337,11.384971671973863,14.49799088481972,38.35931510350115,20.97442143727162,90.81731527593122,46.01349561974979,41.24902650525509,40.43579044969866
2019-12-01,74.54114860864416,83.64025864271537,35.52773193657172,64.40266353309832,43.66287498606,34.770759858929146,30.36529680365297,27.522328812437973,47.16149732620321,54.903854596540526,63.16895149344178,55.92683784734436,24.375538329026703,12.340092732249595,17.881695248168015,11.462904482631341,14.371768217922066,35.609243697478995,20.89516515078985,90.87069597883833,45.55296810112044,40.96912756757779,40.14463040243507
2020-03-01,75.42146476278214,82.86022643968396,36.14744774633869,63.96604938271605,42.96531030034493,34.8734345856648,31.131003125888036,23.310281235592438,44.35425685425685,53.336259877085155,62.9859365809315,55.14237144071398,24.12188945166263,12.337117610871875,17.63422570625647,11.706300563863692,14.456567352077213,32.611080636313766,21.52186938286399,90.91728794176508,45.343040328484044,41.0210937206771,40.122233910161206
2020-06-01,82.1813779440898,83.81219903691813,49.47839597514058,64.36863867684478,62.03157252085938,50.202473459560025,52.578166529744365,68.18116046881782,53.66369765267457,58.29072315558802,64.63053084969513,67.52786984031334,37.53065459347293,22.954468802698145,17.64208514079847,13.364585552951203,17.559532884105252,77.36085053158223,57.06843142776683,90.98118488570984,54.42915363686652,50.703336683161396,49.95846018819228
2020-09-01,84.08233276157804,83.9239722882185,51.595707371817355,64.27325801804534,61.175552085656925,50.86458228611642,52.43097643097643,61.303827751196174,54.85669948111149,58.588173085397024,64.24689334972005,67.01159547923088,39.20736661550961,23.822714681440445,17.363133372160746,14.186358304005362,19.217647739100265,72.7034978751226,58.79565096180652,90.60128174282028,54.70235998591053,51.13107598009912,50.41262971033643
2020-12-01,81.95668920653941,84.00227669721889,41.864184964374004,61.59250585480094,51.18771974959267,43.09499538857337,40.55171213505634,37.88455903896865,48.83320136010061,56.80280631420697,62.8391167192429,58.11179767207933,29.326977005047674,14.386567448960122,17.058823529411764,12.590923466160659,16.41081964700774,49.56772334293948,32.988624612202685,90.62445906179678,48.973574513677306,44.79306475905378,43.74744122647735
2021-03-01,80.92110118827958,85.32591526554108,39.314707432788616,60.70624195624196,46.86412097476066,36.575116313972686,32.78181818181818,29.46211370393729,44.598945452848675,51.223807008276104,61.671799832005505,54.179044018363484,26.547387527550885,15.183644777693164,17.095843573031306,12.662401381638341,15.551432495602516,36.732425673798275,21.585305719921106,90.70011343935276,47.162960601631596,42.24115491433887,41.0173963806188
2021-06-01,81.16670155606727,86.56116670545342,38.01727741396127,59.80825958702065,45.3349567242794,36.938508504143044,32.20419231265872,29.32383784629832,44.93668053877478,51.345755693581786,61.47815230961299,53.25216485448271,26.391364378059496,14.053132390957593,17.234461884986274,12.398587011373783,15.143935818782445,32.91893291893292,20.30267753201397,90.76168849084235,47.10398831782921,41.49301610344683,40.19766429876562
2021-09-01,81.8407960199005,87.62242745169267,39.50372910112757,59.012468004293616,49.55966712450513,37.47128732647558,33.9403296853004,43.876288659793815,43.63946991734774,54.52622673434856,61.44074129427589,55.55931515192529,27.223043946952796,14.959232347883963,17.125571482589116,12.164112164112165,15.109259215417032,42.88766788766789,23.61523912456093,90.8924359838275,49.053719623925865,42.853741802174106,41.46858806783823
2021-12-01,81.97792438467394,86.17354624887014,42.80196295709989,57.821865766146054,45.16396956381953,36.84184962113853,33.104138561295095,34.64958158995816,45.71845820241625,54.46121894720025,61.21932458251656,57.51986895589395,29.288537549407113,14.485658027779255,17.188083834369376,11.947141316073354,15.251399210936784,39.405684754521964,20.993803912039848,90.87905654064905,47.858881606301836,42.362599840946025,40.965429601854254
2022-03-01,81.09268292682927,88.14030343998799,38.288734720845724,58.95841744045216,43.27796291114446,37.61968024188007,32.914583247241616,25.471698113207548,46.873704287254334,51.60273656699208,61.3008613008613,55.769230769230774,22.364138475194792,11.922714420358153,17.494862379139576,11.807950282314602,14.343022343739495,35.720908669448306,24.496537027171016,90.80952478618455,48.079871010376586,41.32783637403235,39.99463566107845
2022-06-01,81.53419593345657,89.86027445717198,40.9765882282498,59.919999999999995,42.43200875861554,36.98070883804397,33.13386700483475,28.13188374902295,48.82784838433156,49.74776872332169,61.62835995325282,55.076220453002534,22.70208018426546,12.278493757551349,17.736061448814727,11.849678784953024,14.509444662565981,35.610950367237926,20.49951346091469,90.53285679473642,49.31123932578713,41.36092332923999,39.98535852623229
2022-09-01,81.94267883970878,88.82463042040729,40.0689138576779,59.77315102548167,41.77904752681403,40.24696439596625,33.401889092017065,31.744992800104725,50.08534243652656,49.877244130735,62.73445327244344,54.5874627591658,24.4336099121061,12.72173618831263,18.133402610898226,11.83789420691143,14.332165026814748,34.88320846187748,20.7061266874351,90.56313550010987,48.522742934747896,41.412529585886574,39.976454931668115
2022-12-01,82.91981106466149,88.64638008548712,39.01653166310338,60.23947470065663,41.25918899691724,39.0483697004895,32.595725398383806,32.49390739236393,48.107180666593656,48.980861988486076,62.17753309977706,53.98514851485149,24.656691494737768,11.88039428382776,18.39113773226419,11.953394706559264,13.973373970834126,35.328435609334484,20.09721048182587,90.46397807361002,48.20132607593586,41.0306699806423,39.459077400654664
2023-03-01,79.66350137021222,88.43289337417094,40.09164137286948,59.59823159854184,40.799366838147996,42.32254576349734,31.42695356738392,29.376912559411423,47.14364742762309,48.25298881604319,61.75983529517075,52.45798846250314,24.850898912692433,12.02044857919219,18.31929615830176,11.382507611403266,13.450001037968903,35.48522322364284,19.75474031327288,90.41114159426917,48.00232989248789,40.95088399584183,39.7473896934995
2023-06-01,78.71679661688913,86.12276651914958,40.462609092464774,60.59265811587793,42.3347552662826,39.688027975325134,33.95990422756674,29.002564271155233,48.04441079989907,50.139439307206814,61.22565487561206,52.601611242352654,23.72982921713821,11.79025179025179,18.510290351445587,11.401730197350634,13.589884328434062,34.552332912988646,21.987892989650458,90.47548593515933,46.84164066012319,41.04185457948641,39.936695489020565
2023-09-01,74.62842632011353,84.62632969713395,40.103580274712904,59.96434937611408,42.58231199555878,41.01780594537498,33.888986167046056,29.776226391572646,48.013106525376465,47.84799193896646,60.84956827352801,52.940832895274816,24.181312825228314,12.148771548798697,18.512376760032563,11.405491656139883,13.42671277032175,32.758970200689234,21.154387611450023,90.43403462241497,45.99718429882074,40.75181522767169,39.896126730670915
2023-12-01,74.30061999092696,84.46207688814084,39.366553817744325,59.54874534336121,41.93834834453888,40.53282230488859,33.80213216654512,30.14428137965199,48.32530949105915,48.94584837545126,60.875642431671075,53.075144508670526,25.563526678351607,12.720673895510352,18.396599736186428,11.407774912687273,13.767277829392693,32.55719781332254,20.067516879219806,90.55574912891986,45.76020859792941,40.48019973393108,39.64489527622576
2024-03-01,74.64153732446415,84.11499966413649,39.345887016848366,58.93207164582629,41.372786599494084,40.76937372235644,32.6486259113853,29.781201848998457,48.63227029589004,50.214411247803156,60.66764039711268,53.57081886985716,25.90481161049441,11.86417748917749,18.289093974113545,11.404266206146662,14.243600268676767,32.45578778135048,18.752938963603874,90.73098870582658,45.843270572653665,40.74058815732438,39.89859680297234
2024-06-01,76.29845364399141,83.00719569700203,39.64997808939527,59.15077648908984,41.089635328704574,39.25101908644139,32.15895984062074,28.516899587514622,49.70704723249648,50.55239140876965,60.65326000251899,54.34352568812525,26.243050352904064,12.16639463584631,18.25014021312395,11.348751858765462,14.458675020731595,31.84391427416094,19.63285910968334,91.01193804058276,45.637576523770015,41.076733544526576,40.159522119834804
2024-09-01,76.65002024564718,81.69772193589705,38.70835608956854,56.86182669789227,40.73069494102659,37.482005991518506,32.46120347008606,26.905276149336625,48.86746351449515,48.17060566388755,60.73138161273754,54.0148889015173,25.34785955355557,11.325724319578578,18.254825399462767,11.203758439376497,14.534904805077062,32.25103939813898,19.93580926180651,91.08322113226902,44.92807388275808,40.7216171145084,39.768287223565224
2024-12-01,77.33756970561535,81.5796694920422,38.334201222353165,56.45786029117137,40.682701652089406,39.356655796027276,32.352043411904354,28.312964294272707,49.30548903151643,49.497023198521866,60.8245141040602,54.44268595975582,24.06574632287964,10.837118754055808,18.255893173456876,11.092436974789916,14.76641447542458,34.02081362346263,20.12487557687087,91.14704954244242,44.69098069180357,40.525582828528,39.521658016428084
2025-03-01,78.18437289999389,80.63200654994331,40.57921456190652,56.732773109243695,40.79428117553614,40.35081361214801,32.10813374436803,28.250988725577002,49.07950188535759,49.42520962942927,60.967055485498115,53.91646354974519,22.835168267353794,10.220406773891584,18.33494260272503,11.350748069498069,15.271063090342892,33.02352048558422,20.796847635726795,91.14806115941579,44.646922397795734,40.78830741490477,39.72545655956023
2025-06-01,77.95347701324867,80.03756287005793,38.03065717236506,56.13245566899516,40.33000158654609,39.73916518327461,31.80871084823229,28.285141711995422,48.0688869190832,48.42652620205294,61.16936269732995,53.663756688256825,23.3301738979051,10.109278089532086,18.336483931947072,11.170544708923954,15.179231959109558,33.2032701597919,19.1139569092325,91.03063723602533,44.2942077712692,40.54108708767931,39.48815406926794
2025-09-01,79.14923291492329,80.52491798156538,36.94283143861945,56.92327480866937,39.89373090173028,40.000706164818865,29.985434097760916,27.926205073401206,48.49059489218535,48.449405159738,60.214752043698674,53.08438887974995,22.874124639557465,10.570676753556452,18.397900910634355,11.080517071474118,15.066066165513131,33.42435827416712,19.381580038133134,90.94597058466026,44.194021737516074,40.37725506157926,39.250415478780184
2025-12-01,79.55999551015826,81.08667490582052,37.476089123582184,57.36641221374046,39.89567752080696,40.51625833650092,30.43434814469389,29.084949467358644,49.5632672332389,49.162011173184354,60.6995353639649,53.74778356885713,24.176160256900374,10.437420571475425,18.480024335834518,11.220304221500598,14.93788769313427,33.351588170865284,20.518754988028732,90.87542541867194,44.456491561335575,40.47061606536712,39.3085774634493
